First Name,Last Name,Full Name,Username,Email,Gender,Image,Cover,City,State
Salvador,Hamilton,Salvador Hamilton,silverleopard818,salvador.hamilton@example.com,male,https://images.unsplash.com/photo-1434210330765-8a00109fc773?ixlib=rb-0.3.5&q=80&fm=jpg&crop=entropy&w=400&h=400&fit=crop&s=a2cd3b8f25122de7e666bf79b23aee50,https://images.unsplash.com/photo-1417918327219-b3133b9a036f?ixlib=rb-0.3.5&q=80&fm=jpg&crop=entropy&w=750&h=420&fit=crop&s=d89e7c916cf93a0d92116bc9645bba37,Burbank,Colorado
Catherine,Burke,Catherine Burke,greentiger473,catherine.burke@example.com,female,https://images.unsplash.com/photo-1457131760772-7017c6180f05?ixlib=rb-0.3.5&q=80&fm=jpg&crop=entropy&w=400&h=400&fit=crop&s=28b611d36f900338cfe89ccb272b374b,https://images.unsplash.com/photo-1414877611609-3ff962bb2c92?ixlib=rb-0.3.5&q=80&fm=jpg&crop=entropy&w=750&h=420&fit=crop&s=2cd80198a39224fa83610288aca1af5c,Kent,New Mexico
Carole,Medina,Carole Medina,blackleopard619,carole.medina@example.com,female,https://images.unsplash.com/photo-1452715065450-d1f67587a8e3?ixlib=rb-0.3.5&q=80&fm=jpg&crop=entropy&w=400&h=400&fit=crop&s=6582d44faa61331f466e4fb4d7ebcb5c,https://images.unsplash.com/photo-1444681088948-16758a10e695?ixlib=rb-0.3.5&q=80&fm=jpg&crop=entropy&w=750&h=420&fit=crop&s=c26e6a4d8b253c0a2a9df98f42b5e193,Sacramento,Louisiana
Glen,Little,Glen Little,silverladybug227,glen.little@example.com,male,https://images.unsplash.com/photo-1440985465094-6ac443aab454?ixlib=rb-0.3.5&q=80&fm=jpg&crop=entropy&w=400&h=400&fit=crop&s=ad9f80486811dade30e13a1aab79814a,https://images.unsplash.com/photo-1446236230627-42f8d9b4ac33?ixlib=rb-0.3.5&q=80&fm=jpg&crop=entropy&w=750&h=420&fit=crop&s=646e1c22d13e24f46bb5c85ba181621e,Saginaw,Texas
Wesley,Lawrence,Wesley Lawrence,lazykoala634,wesley.lawrence@example.com,male,https://images.unsplash.com/photo-1444920275954-9dddec6b714e?ixlib=rb-0.3.5&q=80&fm=jpg&crop=entropy&w=400&h=400&fit=crop&s=80db56c7e343564ac3dd913e612f928b,https://images.unsplash.com/photo-1437076450332-ba2f231ef70b?ixlib=rb-0.3.5&q=80&fm=jpg&crop=entropy&w=750&h=420&fit=crop&s=d9cd47084711463b6c30741a02eb70cd,Anchorage,Hawaii
Brandie,Carr,Brandie Carr,smallcat830,brandie.carr@example.com,female,https://images.unsplash.com/photo-1428767801247-e664cd9e0df0?ixlib=rb-0.3.5&q=80&fm=jpg&crop=entropy&w=400&h=400&fit=crop&s=9afd041edc241bfa39fce772fec1fd8f,https://images.unsplash.com/photo-1440993443326-9e9f5aea703a?ixlib=rb-0.3.5&q=80&fm=jpg&crop=entropy&w=750&h=420&fit=crop&s=83898f521d4eaf0b2aca4116d68e3a1a,Erie,Texas
Max,Fowler,Max Fowler,blackcat400,max.fowler@example.com,male,https://images.unsplash.com/14/unsplash_5244808e6b835_1.JPG?ixlib=rb-0.3.5&q=80&fm=jpg&crop=entropy&w=400&h=400&fit=crop&s=a65ead20baca48f64def2bb9533ceec2,https://images.unsplash.com/photo-1414703808316-7532227b387f?ixlib=rb-0.3.5&q=80&fm=jpg&crop=entropy&w=750&h=420&fit=crop&s=c4255da81448d94095f9c88a4c6fa517,Cambridge,Iowa
Rosemary,Medina,Rosemary Medina,organicfish208,rosemary.medina@example.com,female,https://images.unsplash.com/photo-1415697747654-db820a209c6f?ixlib=rb-0.3.5&q=80&fm=jpg&crop=entropy&w=400&h=400&fit=crop&s=6e657309441c89256e6a28ec2f1fd793,https://images.unsplash.com/photo-1421104138464-46c0563487a4?ixlib=rb-0.3.5&q=80&fm=jpg&crop=entropy&w=750&h=420&fit=crop&s=0e5f942468faa0f889c671718b07c99f,North Charleston,New Hampshire
Brennan,Gregory,Brennan Gregory,tinybird444,brennan.gregory@example.com,male,https://images.unsplash.com/photo-1454418747937-bd95bb945625?ixlib=rb-0.3.5&q=80&fm=jpg&crop=entropy&w=400&h=400&fit=crop&s=d93a200f45a063bc2d8041319e023d4e,https://images.unsplash.com/photo-1445600523100-d5b99b664bda?ixlib=rb-0.3.5&q=80&fm=jpg&crop=entropy&w=750&h=420&fit=crop&s=c680d9cd8bb6c22d3f29de4f92a3510b,Lexington,Colorado
Grace,Fowler,Grace Fowler,crazyfrog338,grace.fowler@example.com,female,https://images.unsplash.com/photo-1419090960390-4969330366ab?ixlib=rb-0.3.5&q=80&fm=jpg&crop=entropy&w=400&h=400&fit=crop&s=08a6a5aac3bb406880ee043d19153644,https://images.unsplash.com/reserve/QGSbW0lOQiGXi0uZRhJm_PR_00803_retina.jpg?ixlib=rb-0.3.5&q=80&fm=jpg&crop=entropy&w=750&h=420&fit=crop&s=f1ae6aeeee4e617a7a5d27b2ac214f6b,Hamsburg,Kansas
Francis,Patterson,Francis Patterson,greenkoala621,francis.patterson@example.com,male,https://images.unsplash.com/photo-1455289587707-e9a8449cffb3?ixlib=rb-0.3.5&q=80&fm=jpg&crop=entropy&w=400&h=400&fit=crop&s=8b8700b97eb03f4867c3057ac6ad3e18,https://images.unsplash.com/photo-1429277158984-614d155e0017?ixlib=rb-0.3.5&q=80&fm=jpg&crop=entropy&w=750&h=420&fit=crop&s=e8fa1fcadddbcf4d59e24ba78928db93,Dallas,New York
Victoria,Hughes,Victoria Hughes,whitebear986,victoria.hughes@example.com,female,https://images.unsplash.com/photo-1448070299168-7dede6dc70b4?ixlib=rb-0.3.5&q=80&fm=jpg&crop=entropy&w=400&h=400&fit=crop&s=a3e419ce20b0f2f47c59d958058cbceb,https://images.unsplash.com/photo-1415795854641-f4a487a0fdc8?ixlib=rb-0.3.5&q=80&fm=jpg&crop=entropy&w=750&h=420&fit=crop&s=3983b438b0e0b29050a9612d448b7f93,El Monte,Virginia
Natalie,Taylor,Natalie Taylor,greenmouse926,natalie.taylor@example.com,female,https://images.unsplash.com/photo-1444412667101-4eccfdeeff07?ixlib=rb-0.3.5&q=80&fm=jpg&crop=entropy&w=400&h=400&fit=crop&s=fe8c6f3e1bf3a0e8ea312588e7880687,https://images.unsplash.com/reserve/bOvf94dPRxWu0u3QsPjF_tree.jpg?ixlib=rb-0.3.5&q=80&fm=jpg&crop=entropy&w=750&h=420&fit=crop&s=c83356d833c666196bdc1a3daf9117a3,Hollywood,Arizona
Kenzi,Castro,Kenzi Castro,heavyfrog147,kenzi.castro@example.com,female,https://images.unsplash.com/photo-1415697747654-db820a209c6f?ixlib=rb-0.3.5&q=80&fm=jpg&crop=entropy&w=400&h=400&fit=crop&s=6e657309441c89256e6a28ec2f1fd793,https://images.unsplash.com/photo-1429743305873-d4065c15f93e?ixlib=rb-0.3.5&q=80&fm=jpg&crop=entropy&w=750&h=420&fit=crop&s=3283118deaac5149035bdeea8588a6e9,Columbus,California
Joyce,Brooks,Joyce Brooks,ticklishdog709,joyce.brooks@example.com,female,https://images.unsplash.com/photo-1427104227401-94b390b378b0?ixlib=rb-0.3.5&q=80&fm=jpg&crop=entropy&w=400&h=400&fit=crop&s=80c5022f207789d5b88c9574c58135e8,https://images.unsplash.com/photo-1415859770219-4db5675a0f32?ixlib=rb-0.3.5&q=80&fm=jpg&crop=entropy&w=750&h=420&fit=crop&s=bb97cef0485d540c9ec8f6e140bfe624,Redding,New Hampshire
Lori,Woods,Lori Woods,purplewolf145,lori.woods@example.com,female,https://images.unsplash.com/photo-1440589473619-3cde28941638?ixlib=rb-0.3.5&q=80&fm=jpg&crop=entropy&w=400&h=400&fit=crop&s=25d06aadf77706dcc08d521b6deaace3,https://images.unsplash.com/photo-1418513110185-f0ec221e47b4?ixlib=rb-0.3.5&q=80&fm=jpg&crop=entropy&w=750&h=420&fit=crop&s=da3357c33bd256af7b2c5612d0beaee7,Abilene,California
Leonard,Hale,Leonard Hale,organicgoose936,leonard.hale@example.com,male,https://images.unsplash.com/photo-1446214814726-e6074845b4ce?ixlib=rb-0.3.5&q=80&fm=jpg&crop=entropy&w=400&h=400&fit=crop&s=ab51cfcbac41f71ca914db60908a8b2a,https://images.unsplash.com/photo-1421104138464-46c0563487a4?ixlib=rb-0.3.5&q=80&fm=jpg&crop=entropy&w=750&h=420&fit=crop&s=0e5f942468faa0f889c671718b07c99f,Lakeland,Tennessee
Dave,Parker,Dave Parker,goldenostrich561,dave.parker@example.com,male,https://images.unsplash.com/photo-1444069069008-83a57aac43ac?ixlib=rb-0.3.5&q=80&fm=jpg&crop=entropy&w=400&h=400&fit=crop&s=7f9a6241301f8aa07f17849a12e0439a,https://images.unsplash.com/photo-1428738982447-44768851a467?ixlib=rb-0.3.5&q=80&fm=jpg&crop=entropy&w=750&h=420&fit=crop&s=8dc038c402381a15fdf12784415f9f16,Ontario,Texas
Ron,Thompson,Ron Thompson,silvergorilla604,ron.thompson@example.com,male,https://images.unsplash.com/photo-1455869644213-7cf365c18456?ixlib=rb-0.3.5&q=80&fm=jpg&crop=entropy&w=400&h=400&fit=crop&s=36ec34b926a7f024a85a415b149d75b5,https://images.unsplash.com/photo-1429741402290-33b8b81bbaab?ixlib=rb-0.3.5&q=80&fm=jpg&crop=entropy&w=750&h=420&fit=crop&s=77fc5b49a1760a4da4f28d761f3141a0,Wichita Falls,Vermont
Isaiah,Pierce,Isaiah Pierce,organicfrog549,isaiah.pierce@example.com,male,https://images.unsplash.com/photo-1414085496041-6d10400b671f?ixlib=rb-0.3.5&q=80&fm=jpg&crop=entropy&w=400&h=400&fit=crop&s=f96e9c7ce1b7359ee45e25f1479a36b3,https://images.unsplash.com/25/delicate.jpg?ixlib=rb-0.3.5&q=80&fm=jpg&crop=entropy&w=750&h=420&fit=crop&s=088da0b0859883304e7d7756436df1e7,Madison,Pennsylvania
Noelle,Ellis,Noelle Ellis,tinyladybug949,noelle.ellis@example.com,female,https://images.unsplash.com/photo-1455758424778-39393ce3ad05?ixlib=rb-0.3.5&q=80&fm=jpg&crop=entropy&w=400&h=400&fit=crop&s=7397b620d2b2ffd8d2e43e37db31ff6a,https://images.unsplash.com/uploads/141327328038701afeede/eda0fb7c?ixlib=rb-0.3.5&q=80&fm=jpg&crop=entropy&w=750&h=420&fit=crop&s=df15e3f3254e122e691949b1702720aa,Princeton,Wisconsin
Mabel,Turner,Mabel Turner,smalldog904,mabel.turner@example.com,female,https://images.unsplash.com/photo-1419312520378-cbd583837112?ixlib=rb-0.3.5&q=80&fm=jpg&crop=entropy&w=400&h=400&fit=crop&s=581814f608fed7ec0aed6d62a47fa80d,https://images.unsplash.com/photo-1414542563971-94513793d046?ixlib=rb-0.3.5&q=80&fm=jpg&crop=entropy&w=750&h=420&fit=crop&s=264479b2c181786f0637112b3a83712b,Escondido,Michigan
Marcus,Long,Marcus Long,orangebear213,marcus.long@example.com,male,https://images.unsplash.com/photo-1452457807411-4979b707c5be?ixlib=rb-0.3.5&q=80&fm=jpg&crop=entropy&w=400&h=400&fit=crop&s=3bc2927cb9174724a08d88535f54d56d,https://images.unsplash.com/photo-1418150665982-1070f7977add?ixlib=rb-0.3.5&q=80&fm=jpg&crop=entropy&w=750&h=420&fit=crop&s=30d1c7b2e58944f6505bd5ecbaf531b8,Evansville,Utah
Lillie,Powell,Lillie Powell,silverrabbit483,lillie.powell@example.com,female,https://images.unsplash.com/photo-1447966374608-a6f7e7a12974?ixlib=rb-0.3.5&q=80&fm=jpg&crop=entropy&w=400&h=400&fit=crop&s=5a547d87d46c64a762ad137c7e5190b3,https://images.unsplash.com/photo-1445298576747-b71f32af7629?ixlib=rb-0.3.5&q=80&fm=jpg&crop=entropy&w=750&h=420&fit=crop&s=4b57aca067b74a4db499310aa16b8555,Jackson,Oklahoma
Brian,Perry,Brian Perry,silverkoala647,brian.perry@example.com,male,https://images.unsplash.com/photo-1434993568367-36f24aa04d2f?ixlib=rb-0.3.5&q=80&fm=jpg&crop=entropy&w=400&h=400&fit=crop&s=5ff6e215638d78a1e2ef7f2bf125b1cb,https://images.unsplash.com/photo-1428591345840-8f3d75d06246?ixlib=rb-0.3.5&q=80&fm=jpg&crop=entropy&w=750&h=420&fit=crop&s=613246af99fc805db2c5c2a86de64800,Albany,New Jersey
Connor,Snyder,Connor Snyder,orangemouse966,connor.snyder@example.com,male,https://images.unsplash.com/photo-1457295767206-0cb0658056cf?ixlib=rb-0.3.5&q=80&fm=jpg&crop=entropy&w=400&h=400&fit=crop&s=20e7d8031ab7ee732b0b694094b191f6,https://images.unsplash.com/photo-1429042344633-913ea4be5fb7?ixlib=rb-0.3.5&q=80&fm=jpg&crop=entropy&w=750&h=420&fit=crop&s=4c7e74461bf00fb7dff76ed778df0998,Flint,West Virginia
Barry,Arnold,Barry Arnold,greenlion553,barry.arnold@example.com,male,https://images.unsplash.com/photo-1454864542257-302978ea0b9a?ixlib=rb-0.3.5&q=80&fm=jpg&crop=entropy&w=400&h=400&fit=crop&s=1f32514188ae7611cd3351631a93bbe0,https://images.unsplash.com/photo-1415226481302-c40f24f4d45e?ixlib=rb-0.3.5&q=80&fm=jpg&crop=entropy&w=750&h=420&fit=crop&s=693405e17728dd2937adaf6977b65b02,Daly City,North Carolina
Bill,Chavez,Bill Chavez,organicgorilla355,bill.chavez@example.com,male,https://images.unsplash.com/photo-1440133197387-5a6020d5ace2?ixlib=rb-0.3.5&q=80&fm=jpg&crop=entropy&w=400&h=400&fit=crop&s=d837928968bef0f8db9d5f265ab9a5d7,https://images.unsplash.com/7/tuscany.jpg?ixlib=rb-0.3.5&q=80&fm=jpg&crop=entropy&w=750&h=420&fit=crop&s=f5f673e63255665b94f6ff7635401f9e,Rialto,Alaska
Rita,Woods,Rita Woods,purplepeacock987,rita.woods@example.com,female,https://images.unsplash.com/uploads/1413240567149aecde9a1/c0dce58d?ixlib=rb-0.3.5&q=80&fm=jpg&crop=entropy&w=400&h=400&fit=crop&s=9d09cdb2354063215b5c19cda437d1e8,https://images.unsplash.com/photo-1418154388337-cb9d36a0cd98?ixlib=rb-0.3.5&q=80&fm=jpg&crop=entropy&w=750&h=420&fit=crop&s=cba1425a9272944829276cceb9759dee,Vancouver,North Carolina
Kristina,Diaz,Kristina Diaz,bigrabbit660,kristina.diaz@example.com,female,https://images.unsplash.com/photo-1444878326606-206f6e2c38a0?ixlib=rb-0.3.5&q=80&fm=jpg&crop=entropy&w=400&h=400&fit=crop&s=69fb33ddb47fa9f359e593c4de441adc,https://images.unsplash.com/photo-1414502443630-11961bb42a32?ixlib=rb-0.3.5&q=80&fm=jpg&crop=entropy&w=750&h=420&fit=crop&s=0d481e95e69354a65e5385e6814c7066,Independence,Iowa
Lydia,Wells,Lydia Wells,crazymeercat670,lydia.wells@example.com,female,https://images.unsplash.com/photo-1453887514526-bedd213228f0?ixlib=rb-0.3.5&q=80&fm=jpg&crop=entropy&w=400&h=400&fit=crop&s=d76b18938f994d4e65284e384a730501,https://images.unsplash.com/photo-1446488402115-23476addcdf5?ixlib=rb-0.3.5&q=80&fm=jpg&crop=entropy&w=750&h=420&fit=crop&s=d510333b0a270d7ab57db5a6bbfa1fc9,Forney,California
Mitchell,Edwards,Mitchell Edwards,lazywolf250,mitchell.edwards@example.com,male,https://images.unsplash.com/photo-1432265910742-819d660410b4?ixlib=rb-0.3.5&q=80&fm=jpg&crop=entropy&w=400&h=400&fit=crop&s=e673969c66c8443413a4e8385a415a57,https://images.unsplash.com/photo-1445965576361-922a852bf10c?ixlib=rb-0.3.5&q=80&fm=jpg&crop=entropy&w=750&h=420&fit=crop&s=9d65b5ad9810463134266796cfc1489e,Gilbert,Maryland
Bertha,Carlson,Bertha Carlson,crazypeacock537,bertha.carlson@example.com,female,https://images.unsplash.com/photo-1457393123861-e3c46d2da4f4?ixlib=rb-0.3.5&q=80&fm=jpg&crop=entropy&w=400&h=400&fit=crop&s=2ae4ef640231d4c5c6bb7b2ec3c2ef9b,https://images.unsplash.com/photo-1444418582978-8c887a9d1997?ixlib=rb-0.3.5&q=80&fm=jpg&crop=entropy&w=750&h=420&fit=crop&s=1c7095df90f0e42580c84a5c918f6346,Flowermound,Colorado
Duane,Rice,Duane Rice,smallfish192,duane.rice@example.com,male,https://images.unsplash.com/36/X7L5hgFXQZazzPaK3goC_14084990857_88cabf3b6d_o.jpg?ixlib=rb-0.3.5&q=80&fm=jpg&crop=entropy&w=400&h=400&fit=crop&s=369dfc1192e378b430b5734f9ff81441,https://images.unsplash.com/photo-1431620828042-54af7f3a9e28?ixlib=rb-0.3.5&q=80&fm=jpg&crop=entropy&w=750&h=420&fit=crop&s=a690ba81642642f546566e3dfff10030,Duncanville,Arizona
Abigail,Reyes,Abigail Reyes,redrabbit911,abigail.reyes@example.com,female,https://images.unsplash.com/photo-1447688812233-3dbfff862778?ixlib=rb-0.3.5&q=80&fm=jpg&crop=entropy&w=400&h=400&fit=crop&s=0c61ff81c5468b583284a45ab57ba500,https://images.unsplash.com/photo-1446071103084-c257b5f70672?ixlib=rb-0.3.5&q=80&fm=jpg&crop=entropy&w=750&h=420&fit=crop&s=a7bf9e5a78f3f5b191901b1ee1ee0eac,Waterbury,Oregon
Leslie,Elliott,Leslie Elliott,orangeostrich321,leslie.elliott@example.com,male,https://images.unsplash.com/photo-1452639479057-3f773899ab7d?ixlib=rb-0.3.5&q=80&fm=jpg&crop=entropy&w=400&h=400&fit=crop&s=6c2ce80a0fca7916a26556ecf8b784b2,https://images.unsplash.com/photo-1446562506700-1880c71a3a96?ixlib=rb-0.3.5&q=80&fm=jpg&crop=entropy&w=750&h=420&fit=crop&s=456fbd66129320abcac52d73d88b0198,Shreveport,Kansas
Adrian,Wade,Adrian Wade,goldencat886,adrian.wade@example.com,male,https://images.unsplash.com/photo-1429594801156-2c53a0d4f96e?ixlib=rb-0.3.5&q=80&fm=jpg&crop=entropy&w=400&h=400&fit=crop&s=50d5c0aaa294d34823060a7a6d6dff9c,https://images.unsplash.com/photo-1415874474852-86b5658ac4f8?ixlib=rb-0.3.5&q=80&fm=jpg&crop=entropy&w=750&h=420&fit=crop&s=7d9f6155150beecc26f062f181a21843,Tempe,Alaska
Felicia,Bradley,Felicia Bradley,orangepanda330,felicia.bradley@example.com,female,https://images.unsplash.com/photo-1423666639041-f56000c27a9a?ixlib=rb-0.3.5&q=80&fm=jpg&crop=entropy&w=400&h=400&fit=crop&s=7a66a5402d083ae7756abf7fc85ef036,https://images.unsplash.com/photo-1429584119469-16c1bb88b8f0?ixlib=rb-0.3.5&q=80&fm=jpg&crop=entropy&w=750&h=420&fit=crop&s=636b1a45bb47e91dd8818f03df04505f,Los Lunas,Iowa
Kenzi,Perkins,Kenzi Perkins,silvermeercat991,kenzi.perkins@example.com,female,https://images.unsplash.com/photo-1457213344097-6e0cb15024f9?ixlib=rb-0.3.5&q=80&fm=jpg&crop=entropy&w=400&h=400&fit=crop&s=3377477f0176d92d2e611deb032b6e65,https://images.unsplash.com/photo-1435341836558-6f221fb04e83?ixlib=rb-0.3.5&q=80&fm=jpg&crop=entropy&w=750&h=420&fit=crop&s=0870a898c183341df493a9724975f67a,Roanoke,Nebraska
Sean,Kuhn,Sean Kuhn,redbutterfly963,sean.kuhn@example.com,male,https://images.unsplash.com/photo-1445012973386-d2fa141ff003?ixlib=rb-0.3.5&q=80&fm=jpg&crop=entropy&w=400&h=400&fit=crop&s=8f76bf9050aa78d2f79bee4b63645e77,https://images.unsplash.com/photo-1428899530170-95753c69f40d?ixlib=rb-0.3.5&q=80&fm=jpg&crop=entropy&w=750&h=420&fit=crop&s=36fa563b0e347468022dfe8530ac8e16,Corpus Christi,Iowa
Kristin,Jennings,Kristin Jennings,smallduck213,kristin.jennings@example.com,female,https://images.unsplash.com/photo-1455637766568-d1387e1c2090?ixlib=rb-0.3.5&q=80&fm=jpg&crop=entropy&w=400&h=400&fit=crop&s=8746d81dab768a7ed455b44a2108662b,https://images.unsplash.com/photo-1416592525293-e65266465eb7?ixlib=rb-0.3.5&q=80&fm=jpg&crop=entropy&w=750&h=420&fit=crop&s=a69a89b39b751ab8c46f08189808ce0c,North Charleston,Florida
Robin,George,Robin George,yellowbutterfly201,robin.george@example.com,female,https://images.unsplash.com/reserve/QTrNn7DETWGsjyS5L2n5__MG_8345.jpg?ixlib=rb-0.3.5&q=80&fm=jpg&crop=entropy&w=400&h=400&fit=crop&s=c2a8cf1f3de4968a79ab16c65d06257e,https://images.unsplash.com/photo-1417716211883-70121d009aa2?ixlib=rb-0.3.5&q=80&fm=jpg&crop=entropy&w=750&h=420&fit=crop&s=ad3b216a539e2f01a9ad022683c7e7c5,San Mateo,New Jersey
Annie,Nelson,Annie Nelson,silverladybug763,annie.nelson@example.com,female,https://images.unsplash.com/photo-1457178272755-08776f07dee3?ixlib=rb-0.3.5&q=80&fm=jpg&crop=entropy&w=400&h=400&fit=crop&s=87409aac43c6c1d6482f246996dc75b0,https://images.unsplash.com/photo-1445561696415-deadc6a2adaa?ixlib=rb-0.3.5&q=80&fm=jpg&crop=entropy&w=750&h=420&fit=crop&s=8a00082ac20a2848461281abaa19cbea,Brownsville,Arizona
Salvador,Gutierrez,Salvador Gutierrez,bluelion107,salvador.gutierrez@example.com,male,https://images.unsplash.com/photo-1431277094944-45c3b513e7d5?ixlib=rb-0.3.5&q=80&fm=jpg&crop=entropy&w=400&h=400&fit=crop&s=5ac40995dbb6f1f13d1033b39295088f,https://images.unsplash.com/photo-1432405972618-c60b0225b8f9?ixlib=rb-0.3.5&q=80&fm=jpg&crop=entropy&w=750&h=420&fit=crop&s=df0874e8e02dc2f33af464d19300182d,Long Beach,Ohio
Annette,Knight,Annette Knight,organictiger657,annette.knight@example.com,female,https://images.unsplash.com/photo-1422286498868-c8edde90b032?ixlib=rb-0.3.5&q=80&fm=jpg&crop=entropy&w=400&h=400&fit=crop&s=70902a5cf2ff3d368c6f19eb7d7def0a,https://images.unsplash.com/photo-1430974305366-ee381412bd61?ixlib=rb-0.3.5&q=80&fm=jpg&crop=entropy&w=750&h=420&fit=crop&s=b53e87797999142e13dcac8db193db8e,Mobile,New Hampshire
Gene,Brewer,Gene Brewer,goldenwolf192,gene.brewer@example.com,male,https://images.unsplash.com/photo-1454922915609-78549ad709bb?ixlib=rb-0.3.5&q=80&fm=jpg&crop=entropy&w=400&h=400&fit=crop&s=839c694e76decac187736ecb288676d7,https://images.unsplash.com/photo-1452914793772-af331bf6e4b6?ixlib=rb-0.3.5&q=80&fm=jpg&crop=entropy&w=750&h=420&fit=crop&s=c44effdd96ab4d9fa5344945265e5049,Virginia Beach,Iowa
Felicia,Woods,Felicia Woods,heavycat702,felicia.woods@example.com,female,https://images.unsplash.com/photo-1422728323787-ca52ffd788fb?ixlib=rb-0.3.5&q=80&fm=jpg&crop=entropy&w=400&h=400&fit=crop&s=c237117bbea8964c6dece80b0c4c3569,https://images.unsplash.com/photo-1443373348943-ffee862645c7?ixlib=rb-0.3.5&q=80&fm=jpg&crop=entropy&w=750&h=420&fit=crop&s=404b4e603a68b20d9d869ac105003acd,Killeen,Georgia
Gilbert,Gonzalez,Gilbert Gonzalez,greenrabbit261,gilbert.gonzalez@example.com,male,https://images.unsplash.com/photo-1446632581657-160645188126?ixlib=rb-0.3.5&q=80&fm=jpg&crop=entropy&w=400&h=400&fit=crop&s=7859e74ef9e0f72268297b53076d62b1,https://images.unsplash.com/photo-1443466612971-98a16c828136?ixlib=rb-0.3.5&q=80&fm=jpg&crop=entropy&w=750&h=420&fit=crop&s=a018c1d3459b86b999fc61699c3939cb,Corona,Utah
Vivan,Soto,Vivan Soto,tinybird358,vivan.soto@example.com,female,https://images.unsplash.com/photo-1437196901007-82f158632679?ixlib=rb-0.3.5&q=80&fm=jpg&crop=entropy&w=400&h=400&fit=crop&s=338be6623f1067a6f970cfe5d2e78452,https://images.unsplash.com/photo-1445451983996-ac6b92ffb1fb?ixlib=rb-0.3.5&q=80&fm=jpg&crop=entropy&w=750&h=420&fit=crop&s=e4a1e6128aae9595e166b02cb09d9497,Abilene,Wisconsin
Isobel,Harrison,Isobel Harrison,purplepanda395,isobel.harrison@example.com,female,https://images.unsplash.com/photo-1429053936782-e8cb7d267f15?ixlib=rb-0.3.5&q=80&fm=jpg&crop=entropy&w=400&h=400&fit=crop&s=84400298a31784d796bf32d06aa6c870,https://images.unsplash.com/photo-1445280471656-618bf9abcfe0?ixlib=rb-0.3.5&q=80&fm=jpg&crop=entropy&w=750&h=420&fit=crop&s=4988bf903ae2ee0934e4515ad4886257,Philadelphia,Maine
Nora,Daniels,Nora Daniels,heavytiger963,nora.daniels@example.com,female,https://images.unsplash.com/photo-1455503521443-c39d5b861bc4?ixlib=rb-0.3.5&q=80&fm=jpg&crop=entropy&w=400&h=400&fit=crop&s=3454ec10d40f0a91692f778054c7482f,https://images.unsplash.com/photo-1429957342655-65cd4e38d9e3?ixlib=rb-0.3.5&q=80&fm=jpg&crop=entropy&w=750&h=420&fit=crop&s=4d937a42c717c449e027fd7d0046d410,San Antonio,Tennessee
Jenny,Oliver,Jenny Oliver,lazylion933,jenny.oliver@example.com,female,https://images.unsplash.com/photo-1431361426216-5b0506d60eb9?ixlib=rb-0.3.5&q=80&fm=jpg&crop=entropy&w=400&h=400&fit=crop&s=ae7ce1ce8da5b22171e26a85504ed2e2,https://images.unsplash.com/photo-1431686906001-ad08e3d68552?ixlib=rb-0.3.5&q=80&fm=jpg&crop=entropy&w=750&h=420&fit=crop&s=ebb59a687963ed58acff3434c9162140,Belen,North Carolina
Edna,Curtis,Edna Curtis,greenbird905,edna.curtis@example.com,female,https://images.unsplash.com/photo-1434847868581-86e8a2b8e7a3?ixlib=rb-0.3.5&q=80&fm=jpg&crop=entropy&w=400&h=400&fit=crop&s=119a98a3009c5d60eae57f9f8f76971a,https://images.unsplash.com/photo-1451303688941-9e06d4b1277a?ixlib=rb-0.3.5&q=80&fm=jpg&crop=entropy&w=750&h=420&fit=crop&s=83e148d598e15cc3f8b48e1b2ba1dfe8,Charleston,Missouri
Kelly,Torres,Kelly Torres,tinypanda113,kelly.torres@example.com,male,https://images.unsplash.com/photo-1457446783150-34ee89337533?ixlib=rb-0.3.5&q=80&fm=jpg&crop=entropy&w=400&h=400&fit=crop&s=f9afc6dcb35d256784d2eae89bc3c1e0,https://images.unsplash.com/photo-1427466920301-a96b3cadc6c8?ixlib=rb-0.3.5&q=80&fm=jpg&crop=entropy&w=750&h=420&fit=crop&s=de10235b67972fc2a87ff2d531370a87,Wichita Falls,Kansas
Gary,Palmer,Gary Palmer,blackbear613,gary.palmer@example.com,male,https://images.unsplash.com/photo-1445907089052-068eda43ee43?ixlib=rb-0.3.5&q=80&fm=jpg&crop=entropy&w=400&h=400&fit=crop&s=b6242af86db3bcb666178bf38a3d2419,https://images.unsplash.com/photo-1430087707500-41067135d7c1?ixlib=rb-0.3.5&q=80&fm=jpg&crop=entropy&w=750&h=420&fit=crop&s=05116f60cf782cc1e6eef08c9d19ca9d,Ann Arbor,Delaware
Lillian,Diaz,Lillian Diaz,goldenleopard374,lillian.diaz@example.com,female,https://images.unsplash.com/photo-1433873703448-d6a62dc3285a?ixlib=rb-0.3.5&q=80&fm=jpg&crop=entropy&w=400&h=400&fit=crop&s=449d50c4ea50c211a92f00fa375f111e,https://images.unsplash.com/photo-1415260088498-81911a0a016e?ixlib=rb-0.3.5&q=80&fm=jpg&crop=entropy&w=750&h=420&fit=crop&s=985756e6d01d2de483b01c73c9d4382d,Irvine,New Mexico
Jackson,Holmes,Jackson Holmes,blackmeercat443,jackson.holmes@example.com,male,https://images.unsplash.com/photo-1432836721189-7525e6869861?ixlib=rb-0.3.5&q=80&fm=jpg&crop=entropy&w=400&h=400&fit=crop&s=869566b437b4084da7e35644994de698,https://images.unsplash.com/photo-1446971114861-a3d76baf1cbc?ixlib=rb-0.3.5&q=80&fm=jpg&crop=entropy&w=750&h=420&fit=crop&s=7e22e9221bbec332fda74bd72310cb0c,Fargo,Kansas
Glenda,Simmmons,Glenda Simmmons,bluelion246,glenda.simmmons@example.com,female,https://images.unsplash.com/photo-1445404590072-16ef9c18bd83?ixlib=rb-0.3.5&q=80&fm=jpg&crop=entropy&w=400&h=400&fit=crop&s=ebf7a219b29001a860ae36f2ba2d5a53,https://images.unsplash.com/photo-1444286966537-cecd7e27c7fe?ixlib=rb-0.3.5&q=80&fm=jpg&crop=entropy&w=750&h=420&fit=crop&s=52f3c6166819fcc06aa5276f52d9aa54,Flint,Nebraska
Bertha,Ortiz,Bertha Ortiz,blacklion836,bertha.ortiz@example.com,female,https://images.unsplash.com/reserve/wVlfnlTbRtK8eGvbnBZI_VolkanOlmez_005.jpg?ixlib=rb-0.3.5&q=80&fm=jpg&crop=entropy&w=400&h=400&fit=crop&s=a55c9b18a81bc53cf83377ae03414e96,https://images.unsplash.com/uploads/14117450256890cec7683/4575979c?ixlib=rb-0.3.5&q=80&fm=jpg&crop=entropy&w=750&h=420&fit=crop&s=5bc5b1d4a9096cd6b81e12b548b642da,Hamsburg,Minnesota
Carolyn,Davidson,Carolyn Davidson,bigrabbit144,carolyn.davidson@example.com,female,https://images.unsplash.com/photo-1450094159078-1ea706437886?ixlib=rb-0.3.5&q=80&fm=jpg&crop=entropy&w=400&h=400&fit=crop&s=995196b9fa6141f66a913b67564d5b94,https://images.unsplash.com/photo-1434187939267-b31c7b0ff193?ixlib=rb-0.3.5&q=80&fm=jpg&crop=entropy&w=750&h=420&fit=crop&s=4b3e2f0ab1927a1832279941f23b2ed7,Boston,Oregon
Carlos,Nichols,Carlos Nichols,whitefrog534,carlos.nichols@example.com,male,https://images.unsplash.com/photo-1436305118577-3311875439c2?ixlib=rb-0.3.5&q=80&fm=jpg&crop=entropy&w=400&h=400&fit=crop&s=13f882240e809e56d9fb11bedafa6dd6,https://images.unsplash.com/photo-1430812566664-41732adc0788?ixlib=rb-0.3.5&q=80&fm=jpg&crop=entropy&w=750&h=420&fit=crop&s=3b416e7aff77149dcf89d266a3de4642,Jackson,Mississippi
Sergio,Rogers,Sergio Rogers,bluefish562,sergio.rogers@example.com,male,https://images.unsplash.com/photo-1444146644393-241099c1593d?ixlib=rb-0.3.5&q=80&fm=jpg&crop=entropy&w=400&h=400&fit=crop&s=d8f87dafe558367a243a1c5dd727ca90,https://images.unsplash.com/photo-1445570123738-861d5bbb99c9?ixlib=rb-0.3.5&q=80&fm=jpg&crop=entropy&w=750&h=420&fit=crop&s=06df57b2da39d3ce0522a3e43ebf4e98,Athens,Oregon
Aiden,Owens,Aiden Owens,beautifulelephant440,aiden.owens@example.com,male,https://images.unsplash.com/photo-1446902236611-65b30daefc2a?ixlib=rb-0.3.5&q=80&fm=jpg&crop=entropy&w=400&h=400&fit=crop&s=8472f8cb62bf7cb343af5de4697a2d4e,https://images.unsplash.com/photo-1431222606267-e445510bc100?ixlib=rb-0.3.5&q=80&fm=jpg&crop=entropy&w=750&h=420&fit=crop&s=6e4ffd8ae0d3502c878541e5c14cd623,Beaumont,Mississippi
Vanessa,Steeves,Vanessa Steeves,redswan744,vanessa.steeves@example.com,female,https://images.unsplash.com/photo-1440504738219-a74a11143d50?ixlib=rb-0.3.5&q=80&fm=jpg&crop=entropy&w=400&h=400&fit=crop&s=4408fc58c6f5639217fa88368c530205,https://images.unsplash.com/photo-1417052800325-788e0eaf22c6?ixlib=rb-0.3.5&q=80&fm=jpg&crop=entropy&w=750&h=420&fit=crop&s=e2204966abc99c937bceb8511cf9c1cc,Evansville,New Hampshire
Frances,Owens,Frances Owens,silverfish123,frances.owens@example.com,female,https://images.unsplash.com/photo-1452405564705-af80e6b4a913?ixlib=rb-0.3.5&q=80&fm=jpg&crop=entropy&w=400&h=400&fit=crop&s=dfa800b6b48404b51dedae8f90c7e087,https://images.unsplash.com/photo-1453503795393-c496eee08c98?ixlib=rb-0.3.5&q=80&fm=jpg&crop=entropy&w=750&h=420&fit=crop&s=861dac1414e8d7a403bbbd864d09bdb1,Irving,Kansas
Layla,Clark,Layla Clark,silverpeacock425,layla.clark@example.com,female,https://images.unsplash.com/photo-1444968544125-87b96d1bf911?ixlib=rb-0.3.5&q=80&fm=jpg&crop=entropy&w=400&h=400&fit=crop&s=6cb1d9dd868b927c5c95072017106afc,https://images.unsplash.com/photo-1431686969995-531930eb462f?ixlib=rb-0.3.5&q=80&fm=jpg&crop=entropy&w=750&h=420&fit=crop&s=8dc493f31297fa6317592a2e116bc696,Irving,Delaware
Thomas,Carlson,Thomas Carlson,ticklishladybug592,thomas.carlson@example.com,male,https://images.unsplash.com/photo-1439920120577-eb3a83c16dd7?ixlib=rb-0.3.5&q=80&fm=jpg&crop=entropy&w=400&h=400&fit=crop&s=814bc634bf9550865ddba1d7243ccc45,https://images.unsplash.com/reserve/vZZ0oqfTQ7Glod5qJs9g_DSC_0180.jpg?ixlib=rb-0.3.5&q=80&fm=jpg&crop=entropy&w=750&h=420&fit=crop&s=b242a7be826ca44a7a7e4c73394c7c83,Norman,Georgia
Lena,Morales,Lena Morales,bluemeercat406,lena.morales@example.com,female,https://images.unsplash.com/photo-1444968544125-87b96d1bf911?ixlib=rb-0.3.5&q=80&fm=jpg&crop=entropy&w=400&h=400&fit=crop&s=6cb1d9dd868b927c5c95072017106afc,https://images.unsplash.com/photo-1430089430181-74b60db38d4f?ixlib=rb-0.3.5&q=80&fm=jpg&crop=entropy&w=750&h=420&fit=crop&s=96ca75c599d58d4aaa6d1da67ee6fc4a,Miami,Idaho
Veronica,Kennedy,Veronica Kennedy,lazyladybug655,veronica.kennedy@example.com,female,https://images.unsplash.com/photo-1441110317034-95e16e111f8f?ixlib=rb-0.3.5&q=80&fm=jpg&crop=entropy&w=400&h=400&fit=crop&s=c564f7fa199cddd711605e5a0c554911,https://images.unsplash.com/photo-1431778323469-5e34a5f0cb38?ixlib=rb-0.3.5&q=80&fm=jpg&crop=entropy&w=750&h=420&fit=crop&s=11a958e50a9f82389017d3b9812a9bca,Broken Arrow,Kansas
Carole,Martin,Carole Martin,tinyswan898,carole.martin@example.com,female,https://images.unsplash.com/photo-1436464263899-7c79e96b8d08?ixlib=rb-0.3.5&q=80&fm=jpg&crop=entropy&w=400&h=400&fit=crop&s=38206942ff965028141e62d0aaf86466,https://images.unsplash.com/photo-1444146085469-2a4ef5a7e5fb?ixlib=rb-0.3.5&q=80&fm=jpg&crop=entropy&w=750&h=420&fit=crop&s=43ba61089c5061145b6cf02fd5819282,Detroit,Kentucky
Roy,Bishop,Roy Bishop,crazyduck172,roy.bishop@example.com,male,https://images.unsplash.com/photo-1431887915357-68b819fae322?ixlib=rb-0.3.5&q=80&fm=jpg&crop=entropy&w=400&h=400&fit=crop&s=865ca7c4c4bc98abfc7d6f2284481377,https://images.unsplash.com/photo-1445298576747-b71f32af7629?ixlib=rb-0.3.5&q=80&fm=jpg&crop=entropy&w=750&h=420&fit=crop&s=4b57aca067b74a4db499310aa16b8555,Red Bluff,Connecticut
Clayton,Owens,Clayton Owens,bluebutterfly783,clayton.owens@example.com,male,https://images.unsplash.com/photo-1455142449617-67932276fd30?ixlib=rb-0.3.5&q=80&fm=jpg&crop=entropy&w=400&h=400&fit=crop&s=1e0901c703bddc4b9d71a033278f4179,https://images.unsplash.com/photo-1434478427415-fabdb71624ee?ixlib=rb-0.3.5&q=80&fm=jpg&crop=entropy&w=750&h=420&fit=crop&s=65f759168eea35c82beb78601f772147,Palmdale,Wyoming
Milton,Mills,Milton Mills,bluewolf189,milton.mills@example.com,male,https://images.unsplash.com/photo-1444146644393-241099c1593d?ixlib=rb-0.3.5&q=80&fm=jpg&crop=entropy&w=400&h=400&fit=crop&s=d8f87dafe558367a243a1c5dd727ca90,https://images.unsplash.com/photo-1446320335640-c870aa2ec007?ixlib=rb-0.3.5&q=80&fm=jpg&crop=entropy&w=750&h=420&fit=crop&s=cd750f5bfa106d30acc4d87f478ef785,Evansville,Missouri
Cassandra,Rhodes,Cassandra Rhodes,silverdog233,cassandra.rhodes@example.com,female,https://images.unsplash.com/photo-1436759644647-e274ee931eaa?ixlib=rb-0.3.5&q=80&fm=jpg&crop=entropy&w=400&h=400&fit=crop&s=d1306700aabc165170263f11d2ba38fa,https://images.unsplash.com/photo-1420537314057-766740d4a1bf?ixlib=rb-0.3.5&q=80&fm=jpg&crop=entropy&w=750&h=420&fit=crop&s=779c870dc7076d00f651e7e7ab6b34b7,Mesa,Georgia
Joan,Ray,Joan Ray,tinygorilla970,joan.ray@example.com,female,https://images.unsplash.com/photo-1455637935731-89621316d929?ixlib=rb-0.3.5&q=80&fm=jpg&crop=entropy&w=400&h=400&fit=crop&s=536bc5ef3d4e9cdf2d68faa41128fffb,https://images.unsplash.com/photo-1431512284068-4c4002298068?ixlib=rb-0.3.5&q=80&fm=jpg&crop=entropy&w=750&h=420&fit=crop&s=34b5c1bb2f8585834333aa814416e298,Edgewood,Tennessee
Clyde,Kennedy,Clyde Kennedy,yellowswan845,clyde.kennedy@example.com,male,https://images.unsplash.com/photo-1439920120577-eb3a83c16dd7?ixlib=rb-0.3.5&q=80&fm=jpg&crop=entropy&w=400&h=400&fit=crop&s=814bc634bf9550865ddba1d7243ccc45,https://images.unsplash.com/photo-1445618744964-719adfab3878?ixlib=rb-0.3.5&q=80&fm=jpg&crop=entropy&w=750&h=420&fit=crop&s=f6559aac42d2c9711da6e85e8b2b0ebe,Burkburnett,North Carolina
Jenny,Wood,Jenny Wood,blackkoala167,jenny.wood@example.com,female,https://images.unsplash.com/photo-1430329429612-babb42f88673?ixlib=rb-0.3.5&q=80&fm=jpg&crop=entropy&w=400&h=400&fit=crop&s=8eb5e51c153bd796f322df14c87ea1d9,https://images.unsplash.com/photo-1422257986712-4f02edc298ce?ixlib=rb-0.3.5&q=80&fm=jpg&crop=entropy&w=750&h=420&fit=crop&s=b88cf249b192912b428577b9b844e6ad,Bozeman,Montana
Erik,Fleming,Erik Fleming,crazyrabbit785,erik.fleming@example.com,male,https://images.unsplash.com/photo-1457386335663-6115e304bd29?ixlib=rb-0.3.5&q=80&fm=jpg&crop=entropy&w=400&h=400&fit=crop&s=177d4a28019e25f6d70ade9ae78097a5,https://images.unsplash.com/photo-1427908842450-c0d72f78d061?ixlib=rb-0.3.5&q=80&fm=jpg&crop=entropy&w=750&h=420&fit=crop&s=7efef58ad2fb9b51392dea68bc5fe3a6,Brownsville,Connecticut
Liam,Lawrence,Liam Lawrence,bigduck789,liam.lawrence@example.com,male,https://images.unsplash.com/photo-1434282781750-4a2b4b4617ce?ixlib=rb-0.3.5&q=80&fm=jpg&crop=entropy&w=400&h=400&fit=crop&s=9e2869a18933fc7b7f3895a20e5a54c1,https://images.unsplash.com/photo-1445561696415-deadc6a2adaa?ixlib=rb-0.3.5&q=80&fm=jpg&crop=entropy&w=750&h=420&fit=crop&s=8a00082ac20a2848461281abaa19cbea,Orange,Mississippi
Hannah,Gilbert,Hannah Gilbert,greenostrich148,hannah.gilbert@example.com,female,https://images.unsplash.com/photo-1457084910899-f31c1f002ea1?ixlib=rb-0.3.5&q=80&fm=jpg&crop=entropy&w=400&h=400&fit=crop&s=267b7b7e8df54322505366e9647f12b9,https://images.unsplash.com/reserve/0jCul0wRzOXVv9y2bjtp_San_Zenone_WooD.jpg?ixlib=rb-0.3.5&q=80&fm=jpg&crop=entropy&w=750&h=420&fit=crop&s=42b27bbd7409c306f7f8894cfbf7815a,Fort Worth,California
Rafael,Morris,Rafael Morris,blackostrich378,rafael.morris@example.com,male,https://images.unsplash.com/photo-1443379921087-2252ef7f632c?ixlib=rb-0.3.5&q=80&fm=jpg&crop=entropy&w=400&h=400&fit=crop&s=97deb4a97d41e10ae106ffb165ee6284,https://images.unsplash.com/photo-1428509379600-e3e6717d125f?ixlib=rb-0.3.5&q=80&fm=jpg&crop=entropy&w=750&h=420&fit=crop&s=2e439d28c3e39d024439d0e622dc7d7e,North Las Vegas,Texas
Steven,Hamilton,Steven Hamilton,goldenrabbit144,steven.hamilton@example.com,male,https://images.unsplash.com/photo-1455282186896-e873a355c0f5?ixlib=rb-0.3.5&q=80&fm=jpg&crop=entropy&w=400&h=400&fit=crop&s=b613f9c55591ee2a525d5d80e86d87be,https://images.unsplash.com/photo-1429042344633-913ea4be5fb7?ixlib=rb-0.3.5&q=80&fm=jpg&crop=entropy&w=750&h=420&fit=crop&s=4c7e74461bf00fb7dff76ed778df0998,Waxahachie,Utah
Reginald,Simpson,Reginald Simpson,purplelion710,reginald.simpson@example.com,male,https://images.unsplash.com/photo-1456320043511-19ba34522c68?ixlib=rb-0.3.5&q=80&fm=jpg&crop=entropy&w=400&h=400&fit=crop&s=7095fa2f7e45c6d72d74ec3021f9f70d,https://images.unsplash.com/photo-1432927994002-af88b5da76a2?ixlib=rb-0.3.5&q=80&fm=jpg&crop=entropy&w=750&h=420&fit=crop&s=433ba228b4a4a9adb82218ece2f9d3f6,Pittsburgh,New Jersey
Annette,Horton,Annette Horton,heavykoala583,annette.horton@example.com,female,https://images.unsplash.com/photo-1444419452292-0bf8659d8674?ixlib=rb-0.3.5&q=80&fm=jpg&crop=entropy&w=400&h=400&fit=crop&s=02808fc65fdb218774c351d6c7242de0,https://images.unsplash.com/photo-1415874873501-fab52efa047f?ixlib=rb-0.3.5&q=80&fm=jpg&crop=entropy&w=750&h=420&fit=crop&s=8885bf128bb19370c961e2922413d136,Tallahassee,Minnesota
Bruce,Silva,Bruce Silva,goldendog539,bruce.silva@example.com,male,https://images.unsplash.com/photo-1439737567250-e9ea931e97a4?ixlib=rb-0.3.5&q=80&fm=jpg&crop=entropy&w=400&h=400&fit=crop&s=4edffb9b2a952c99ff7b39476b3d1c65,https://images.unsplash.com/photo-1420585269105-d908ec316eb3?ixlib=rb-0.3.5&q=80&fm=jpg&crop=entropy&w=750&h=420&fit=crop&s=fc18cd7187abe96ae6995b03a6938001,Modesto,Delaware
Wesley,Hansen,Wesley Hansen,purpleswan510,wesley.hansen@example.com,male,https://images.unsplash.com/uploads/1412533519888a485b488/bb9f9777?ixlib=rb-0.3.5&q=80&fm=jpg&crop=entropy&w=400&h=400&fit=crop&s=ba58e03daa9936835351aa4177e212e0,https://images.unsplash.com/photo-1447750086309-dd6871932d35?ixlib=rb-0.3.5&q=80&fm=jpg&crop=entropy&w=750&h=420&fit=crop&s=e8eac9651ac65dee317c9019eb4460f2,Modesto,Pennsylvania
Penny,Wright,Penny Wright,ticklishduck638,penny.wright@example.com,female,https://images.unsplash.com/photo-1443472933321-f2617633c81b?ixlib=rb-0.3.5&q=80&fm=jpg&crop=entropy&w=400&h=400&fit=crop&s=bb4090f0d4be23abfa86b769bbf80244,https://images.unsplash.com/photo-1444465693019-aa0b6392460d?ixlib=rb-0.3.5&q=80&fm=jpg&crop=entropy&w=750&h=420&fit=crop&s=9f2dcf2e9bd7e190fa7978690ecf5501,Seattle,New Mexico
Richard,Jensen,Richard Jensen,yellowlion546,richard.jensen@example.com,male,https://images.unsplash.com/photo-1449761485030-c9bf16154670?ixlib=rb-0.3.5&q=80&fm=jpg&crop=entropy&w=400&h=400&fit=crop&s=02aef62d366af0d3fbcb124c9b6c02bd,https://images.unsplash.com/21/desert.JPG?ixlib=rb-0.3.5&q=80&fm=jpg&crop=entropy&w=750&h=420&fit=crop&s=7a57e9b15d7b4adab1730b46ede488cf,Rochester,Texas
Frances,Fletcher,Frances Fletcher,beautifulbear433,frances.fletcher@example.com,female,https://images.unsplash.com/photo-1439526318614-351eb318a5cc?ixlib=rb-0.3.5&q=80&fm=jpg&crop=entropy&w=400&h=400&fit=crop&s=0a9a796d35d546af183fb0cfc81e0443,https://images.unsplash.com/photo-1446399816436-e188f1e83cfc?ixlib=rb-0.3.5&q=80&fm=jpg&crop=entropy&w=750&h=420&fit=crop&s=5d318b5002e5d84c54f95e24679e1f93,Independence,Alaska
Leona,Mckinney,Leona Mckinney,bluerabbit113,leona.mckinney@example.com,female,https://images.unsplash.com/photo-1452830978618-d6feae7d0ffa?ixlib=rb-0.3.5&q=80&fm=jpg&crop=entropy&w=400&h=400&fit=crop&s=682e54accc2edabbf4f3518d6bd02008,https://images.unsplash.com/photo-1444877466744-dc2f2af2b931?ixlib=rb-0.3.5&q=80&fm=jpg&crop=entropy&w=750&h=420&fit=crop&s=221d7270a354f9056604abf8242e933c,Thornton,Connecticut
Jane,Barnett,Jane Barnett,ticklishrabbit782,jane.barnett@example.com,female,https://images.unsplash.com/photo-1446059004666-8148312ba98b?ixlib=rb-0.3.5&q=80&fm=jpg&crop=entropy&w=400&h=400&fit=crop&s=3f8ace7bd84118e49b8d7b66392aca34,https://images.unsplash.com/photo-1422065835278-eb3cff4c800e?ixlib=rb-0.3.5&q=80&fm=jpg&crop=entropy&w=750&h=420&fit=crop&s=453fdee0a75e142f81d352b653d52692,Savannah,Maine
Patrick,Jimenez,Patrick Jimenez,purplecat951,patrick.jimenez@example.com,male,https://images.unsplash.com/photo-1436076879760-817e51341b15?ixlib=rb-0.3.5&q=80&fm=jpg&crop=entropy&w=400&h=400&fit=crop&s=35ab9fc021816b092f60df7b98e812f1,https://images.unsplash.com/uploads/14135408693062ffa0203/feaa83a8?ixlib=rb-0.3.5&q=80&fm=jpg&crop=entropy&w=750&h=420&fit=crop&s=969f47ad8cb5f7e543734019dd1407c2,Van Alstyne,Mississippi
Norma,Chambers,Norma Chambers,beautifulbear590,norma.chambers@example.com,female,https://images.unsplash.com/photo-1433170854238-8828efbab416?ixlib=rb-0.3.5&q=80&fm=jpg&crop=entropy&w=400&h=400&fit=crop&s=9658ed055e5e68af9157a96d33b1ac93,https://images.unsplash.com/photo-1414489834126-05ccb7db4f79?ixlib=rb-0.3.5&q=80&fm=jpg&crop=entropy&w=750&h=420&fit=crop&s=72277fa2867ac0b2f03ab1fcd7bbf9b0,Modesto,Nebraska
Rebecca,Gonzales,Rebecca Gonzales,lazyostrich739,rebecca.gonzales@example.com,female,https://images.unsplash.com/photo-1427088625471-da8a7193afd3?ixlib=rb-0.3.5&q=80&fm=jpg&crop=entropy&w=400&h=400&fit=crop&s=8ec843c182c5427b2dbbdf2b1ac0c0f9,https://images.unsplash.com/photo-1414390579679-7d6cc7b20436?ixlib=rb-0.3.5&q=80&fm=jpg&crop=entropy&w=750&h=420&fit=crop&s=4bd71fbbfeed8c19e97ca5b3bfa6b877,Cedar Rapids,Oregon
Evan,Cunningham,Evan Cunningham,beautifulrabbit100,evan.cunningham@example.com,male,https://images.unsplash.com/photo-1440270360862-5ac9a44410b5?ixlib=rb-0.3.5&q=80&fm=jpg&crop=entropy&w=400&h=400&fit=crop&s=d137266be0cf93e2e0cb757152158766,https://images.unsplash.com/photo-1431686969995-531930eb462f?ixlib=rb-0.3.5&q=80&fm=jpg&crop=entropy&w=750&h=420&fit=crop&s=8dc493f31297fa6317592a2e116bc696,Newport News,Washington
Tara,Lewis,Tara Lewis,bigleopard255,tara.lewis@example.com,female,https://images.unsplash.com/photo-1455503240021-30bb63244bcb?ixlib=rb-0.3.5&q=80&fm=jpg&crop=entropy&w=400&h=400&fit=crop&s=c699a83729dfc95636756b37c2e8abf5,https://images.unsplash.com/photo-1415750465391-51ed29b1e610?ixlib=rb-0.3.5&q=80&fm=jpg&crop=entropy&w=750&h=420&fit=crop&s=d2ad9b722b6114d4315b14a00c34963f,Clarksville,Hawaii
Harvey,George,Harvey George,browngoose226,harvey.george@example.com,male,https://images.unsplash.com/photo-1445012973386-d2fa141ff003?ixlib=rb-0.3.5&q=80&fm=jpg&crop=entropy&w=400&h=400&fit=crop&s=8f76bf9050aa78d2f79bee4b63645e77,https://images.unsplash.com/photo-1419222482462-d92ccdd0ef61?ixlib=rb-0.3.5&q=80&fm=jpg&crop=entropy&w=750&h=420&fit=crop&s=e8f4448d0d6c845decc3ec8e8babdbeb,Bernalillo,North Carolina
Terrance,Bates,Terrance Bates,organicpanda398,terrance.bates@example.com,male,https://images.unsplash.com/photo-1449965408869-eaa3f722e40d?ixlib=rb-0.3.5&q=80&fm=jpg&crop=entropy&w=400&h=400&fit=crop&s=6bc59ebe94a643e5293bbbf33e692db0,https://images.unsplash.com/photo-1422376790210-eb2edd76eca4?ixlib=rb-0.3.5&q=80&fm=jpg&crop=entropy&w=750&h=420&fit=crop&s=7abb8771775fc352b7fc18bb8e35fdd8,Overland Park,Missouri
Jessica,Ray,Jessica Ray,crazyostrich663,jessica.ray@example.com,female,https://images.unsplash.com/photo-1434080565860-3c6afbb50920?ixlib=rb-0.3.5&q=80&fm=jpg&crop=entropy&w=400&h=400&fit=crop&s=4b7da491e10f91058c255bf0ac8b4367,https://images.unsplash.com/photo-1444911615314-6a1d5926604a?ixlib=rb-0.3.5&q=80&fm=jpg&crop=entropy&w=750&h=420&fit=crop&s=6eebf3a01a50605c156c94b7a67be0a0,Des Moines,Rhode Island
Richard,Castillo,Richard Castillo,whiteswan326,richard.castillo@example.com,male,https://images.unsplash.com/photo-1442965416224-f6a7eca980fa?ixlib=rb-0.3.5&q=80&fm=jpg&crop=entropy&w=400&h=400&fit=crop&s=e2310f6a5b7977358c4d10fc7d591142,https://images.unsplash.com/photo-1446082488256-bfc5e2b5f95c?ixlib=rb-0.3.5&q=80&fm=jpg&crop=entropy&w=750&h=420&fit=crop&s=c353d4b4e922a09e2324bbef57bac918,Boise,Illinois